nom,region,pays_concernes,ressource_en_eau,type,latitude,longitude,description,statut,enjeux,sources,couleur
Nil / GERD,Afrique,"Égypte, Soudan, Éthiopie",Fleuve Nil / Nil Bleu,Fleuve transfrontalier,11.5,37.5,"Système fluvial transfrontalier partagé par l'Égypte, le Soudan et l'Éthiopie. Le Grand barrage de la Renaissance éthiopien (GERD) est au cœur des tensions sur le partage des eaux.",🔴 Crise hydropolitique,"Partage de l'eau, barrages, irrigation, hydroélectricité, souveraineté",Pacific Institute ; ONU-Eau ; UNESCO,#E53935
Bassin du Niger,Afrique,"Mali, Niger, Nigeria, Guinée",Fleuve Niger,Fleuve transfrontalier,14.0,0.0,"Bassin partagé par plusieurs États et communautés. Compétition pour l'eau entre agriculture, élevage et usages urbains.",🟠 Tension importante,"Agriculture, pastoralisme, irrigation, sécurité alimentaire",Pacific Institute ; FAO AQUASTAT,#FB8C00
Fleuve Sénégal,Afrique,"Sénégal, Mauritanie, Mali",Fleuve Sénégal,Fleuve transfrontalier,16.0,-14.0,"Bassin géré par l'OMVS. Enjeux d'irrigation, d'énergie et de navigation.",🟡 Tension latente,"Irrigation, agriculture, hydroélectricité",OMVS ; ONU-Eau,#FDD835
Lac Tchad,Afrique,"Tchad, Niger, Nigeria, Cameroun",Lac Tchad,Lac transfrontalier,13.0,14.0,Le lac Tchad s'est fortement réduit depuis les années 1960. Concurrence pour l'eau entre pays riverains.,🔴 Crise,"Eau, agriculture, pastoralisme, sécurité régionale",Pacific Institute ; ONU-Eau,#E53935
Bassin du Congo,Afrique,"RDC, Congo, Cameroun, RCA",Fleuve Congo,Fleuve transfrontalier,-2.5,28.8,Deuxième plus grand bassin fluvial du monde. Enjeux de barrages hydroélectriques (Inga) et de gestion régionale.,🟡 Surveillance,"Hydroélectricité, navigation, écosystèmes",ONU-Eau ; UNESCO,#FDD835
Zambèze,Afrique,"Zambie, Zimbabwe, Mozambique, Angola",Fleuve Zambèze,Fleuve transfrontalier,-16.0,29.0,"Bassin essentiel pour l'hydroélectricité (Kariba, Cahora Bassa) et l'agriculture régionale.",🟡 Surveillance,"Hydroélectricité, irrigation, agriculture",Pacific Institute ; SADC,#FDD835
Indus,Asie,"Inde, Pakistan",Fleuve Indus / Chenab,Fleuve transfrontalier,34.0,74.8,Ressource régie par le Traité de l'Indus (1960). Tensions fortes autour des barrages et du partage des eaux entre l'Inde et le Pakistan.,🔴 Confrontation,"Eau agricole, barrages, sécurité, souveraineté",Pacific Institute ; ONU-Eau,#E53935
Gange / Brahmapoutre,Asie,"Inde, Bangladesh, Chine, Népal",Fleuve Gange / Brahmapoutre,Fleuve transfrontalier,25.0,89.0,"Le barrage de Farakka et les projets chinois sur le Brahmapoutre suscitent des tensions entre l'Inde, le Bangladesh et la Chine.",🔴 Forte,"Eau, agriculture, barrages, sécurité régionale",Pacific Institute ; ONU-Eau,#E53935
Mékong,Asie,"Chine, Laos, Thaïlande, Cambodge, Vietnam, Myanmar",Fleuve Mékong,Fleuve transfrontalier,15.0,101.0,"Les barrages chinois en amont modifient les débits et les écosystèmes, affectant la pêche et l'agriculture des pays en aval.",🟠 Tension importante,"Pêche, agriculture, hydroélectricité, sécurité alimentaire",Pacific Institute ; MRC ; ONU-Eau,#FB8C00
Syr-Daria / Amou-Daria,Asie centrale,"Kazakhstan, Kirghizistan, Ouzbékistan, Tadjikistan, Turkménistan",Syr-Daria / Amou-Daria,Fleuve transfrontalier,41.0,75.0,"Conflit historique entre hydroélectricité en amont (Kirghizistan, Tadjikistan) et irrigation en aval. Mer d'Aral en forte régression.",🟠 Tension importante,"Irrigation, hydroélectricité, agriculture, écologie",Pacific Institute ; ONU-Eau,#FB8C00
Helmand,Asie,"Afghanistan, Iran",Fleuve Helmand,Fleuve transfrontalier,31.0,61.5,Barrages et canaux afghans réduisant le débit vers les zones humides iraniennes du Sistan.,🔴 Forte,"Agriculture, zones humides, eau potable, frontière",Pacific Institute ; ONU-Eau,#E53935
Tigre-Euphrate,Moyen-Orient,"Turquie, Syrie, Irak, Iran",Tigre / Euphrate,Fleuve transfrontalier,37.0,38.0,"Les barrages turcs (GAP) réduisent fortement les débits vers la Syrie et l'Irak, aggravant les crises agricoles et hydriques.",🔴 Très forte,"Eau potable, agriculture, énergie, sécurité alimentaire",Pacific Institute ; ONU-Eau,#E53935
Jourdain,Moyen-Orient,"Israël, Palestine, Jordanie, Liban, Syrie",Fleuve Jourdain / aquifères,Fleuve transfrontalier,31.5,35.5,Contrôle des ressources et des infrastructures hydriques au cœur des tensions régionales. Accès inéquitable à l'eau.,🔴 Crise,"Eau potable, santé, agriculture, sécurité",Pacific Institute ; ONU-Eau,#E53935
Colorado,Amériques,"États-Unis, Mexique",Fleuve Colorado,Fleuve transfrontalier,29.0,-104.0,Tensions liées à la sécheresse prolongée et aux quotas de partage entre les États-Unis et le Mexique.,🟠 Tension importante,"Agriculture, villes, relations bilatérales",Pacific Institute ; ONU-Eau,#FB8C00
Rio Grande,Amériques,"États-Unis, Mexique",Rio Grande / Rio Bravo,Fleuve transfrontalier,29.5,-104.5,"Désaccords sur le respect des traités de partage des eaux, aggravés par la sécheresse.",🟠 Tension importante,"Agriculture, eau potable, relations bilatérales",Pacific Institute ; IBWC,#FB8C00
Amazone,Amériques,"Brésil, Pérou, Colombie, Venezuela, Bolivie, Équateur",Fleuve Amazone,Fleuve transfrontalier,-3.0,-60.0,"Plus grand bassin fluvial du monde. Enjeux liés aux barrages, à la déforestation et à la gestion des ressources.",🟡 Surveillance,"Écosystèmes, hydroélectricité, populations autochtones",ONU-Eau ; UNESCO,#FDD835
Titicaca,Amériques,"Pérou, Bolivie",Lac Titicaca / Desaguadero,Lac transfrontalier,-16.0,-69.0,Baisse des ressources et pollution affectant les deux pays riverains.,🟠 Tension,"Eau potable, agriculture, écosystèmes",Pacific Institute ; ONU-Eau,#FB8C00
Dniepr,Europe,"Russie, Ukraine, Biélorussie",Fleuve Dniepr / infrastructures,Fleuve transfrontalier,48.4,37.5,La guerre en Ukraine affecte directement les infrastructures hydrauliques (barrage de Kakhovka) et l'approvisionnement en eau.,🟥 Violence liée à l'eau,"Eau potable, agriculture, énergie, écologie",ONU ; Pacific Institute,#8B0000
Danube,Europe,"Allemagne, Autriche, Slovaquie, Hongrie, Croatie, Serbie, Roumanie, Bulgarie, Ukraine",Fleuve Danube,Fleuve transfrontalier,45.0,20.0,"Bassin partagé par 10 pays. Coopération historique, mais tensions autour de certains projets (Gabčíkovo-Nagymaros).",🟡 Surveillance,"Navigation, hydroélectricité, écologie",ONU-Eau ; ICPDR,#FDD835
Rhin,Europe,"Suisse, France, Allemagne, Pays-Bas",Fleuve Rhin,Fleuve transfrontalier,49.0,8.0,"Bassin très industrialisé. Coopération forte (CIPR), mais enjeux de pollution et de qualité de l'eau.",🟢 Coopération,"Eau potable, industrie, navigation, écologie",CIPR ; ONU-Eau,#43A047
